<?xml version="1.0" encoding="UTF-8"?><gmd:MD_Metadata xmlns:xlink="http://www.w3.org/1999/xlink" xmlns:srv="http://www.isotc211.org/2005/srv" xmlns:gts="http://www.isotc211.org/2005/gts" xmlns:gmd="http://www.isotc211.org/2005/gmd" xmlns:gco="http://www.isotc211.org/2005/gco" xmlns:gml="http://www.opengis.net/gml" xmlns:xsi="http://www.w3.org/2001/XMLSchema-instance">
<gmd:characterSet>
<gmd:MD_CharacterSetCode codeList="http://www.isotc211.org/2005/resources/Codelist/gmxCodelists.xml#MD_CharacterSetCode" codeListValue="utf8" codeSpace="ISOTC211/19115">utf8</gmd:MD_CharacterSetCode>
</gmd:characterSet>
<gmd:hierarchyLevel>
<gmd:MD_ScopeCode codeList="http://www.isotc211.org/2005/resources/Codelist/gmxCodelists.xml#MD_ScopeCode" codeListValue="dataset" codeSpace="ISOTC211/19115">dataset</gmd:MD_ScopeCode>
</gmd:hierarchyLevel>
<gmd:hierarchyLevelName>
<gco:CharacterString>dataset</gco:CharacterString>
</gmd:hierarchyLevelName>
<gmd:contact gco:nilReason="missing"/>
<gmd:dateStamp gco:nilReason="missing"/>
<gmd:metadataStandardName>
<gco:CharacterString>ISO 19139 Geographic Information - Metadata - Implementation Specification</gco:CharacterString>
</gmd:metadataStandardName>
<gmd:metadataStandardVersion>
<gco:CharacterString>2007</gco:CharacterString>
</gmd:metadataStandardVersion>
<gmd:identificationInfo>
<gmd:MD_DataIdentification>
<gmd:citation gco:nilReason="missing"/>
<gmd:abstract>
<gco:CharacterString>This point layer contains combined traffic counts from roadbeds and frontage roads into one station displayed on the centerline of the roadway. The traffic stations at these locations collect Annual Average Daily Traffic (AADT) data. The data is created and maintained by the Traffic division at TxDOT.</gco:CharacterString>
</gmd:abstract>
<gmd:purpose>
<gco:CharacterString>Point layer depicting traffic counts on TxDOT owned and maintained roadways.  The traffic stations at these locations collect Annual Average Daily Traffic.</gco:CharacterString>
</gmd:purpose>
<gmd:credit>
<gco:CharacterString>Transportation Planning &amp; Programming - Traffic Section</gco:CharacterString>
</gmd:credit>
<gmd:descriptiveKeywords>
<gmd:MD_Keywords>
<gmd:keyword>
<gco:CharacterString>Traffic Stations</gco:CharacterString>
</gmd:keyword>
<gmd:keyword>
<gco:CharacterString>Traffic Count</gco:CharacterString>
</gmd:keyword>
<gmd:keyword>
<gco:CharacterString>Annual Average Daily Traffic</gco:CharacterString>
</gmd:keyword>
<gmd:keyword>
<gco:CharacterString>AADT</gco:CharacterString>
</gmd:keyword>
<gmd:keyword>
<gco:CharacterString>TxDOT</gco:CharacterString>
</gmd:keyword>
<gmd:keyword>
<gco:CharacterString>Traffic</gco:CharacterString>
</gmd:keyword>
</gmd:MD_Keywords>
</gmd:descriptiveKeywords>
<gmd:descriptiveKeywords>
<gmd:MD_Keywords>
<gmd:keyword>
<gco:CharacterString>Traffic Stations</gco:CharacterString>
</gmd:keyword>
<gmd:keyword>
<gco:CharacterString>Traffic Count</gco:CharacterString>
</gmd:keyword>
<gmd:keyword>
<gco:CharacterString>Annual Average Daily Traffic</gco:CharacterString>
</gmd:keyword>
<gmd:keyword>
<gco:CharacterString>AADT</gco:CharacterString>
</gmd:keyword>
<gmd:keyword>
<gco:CharacterString>TxDOT</gco:CharacterString>
</gmd:keyword>
<gmd:keyword>
<gco:CharacterString>Traffic</gco:CharacterString>
</gmd:keyword>
</gmd:MD_Keywords>
</gmd:descriptiveKeywords>
<gmd:descriptiveKeywords>
<gmd:MD_Keywords>
<gmd:keyword>
<gco:CharacterString>Traffic Stations</gco:CharacterString>
</gmd:keyword>
<gmd:keyword>
<gco:CharacterString>Traffic Count</gco:CharacterString>
</gmd:keyword>
<gmd:keyword>
<gco:CharacterString>Annual Average Daily Traffic</gco:CharacterString>
</gmd:keyword>
<gmd:keyword>
<gco:CharacterString>AADT</gco:CharacterString>
</gmd:keyword>
<gmd:keyword>
<gco:CharacterString>TxDOT</gco:CharacterString>
</gmd:keyword>
<gmd:keyword>
<gco:CharacterString>Traffic</gco:CharacterString>
</gmd:keyword>
</gmd:MD_Keywords>
</gmd:descriptiveKeywords>
<gmd:descriptiveKeywords>
<gmd:MD_Keywords>
<gmd:keyword>
<gco:CharacterString>Traffic Stations</gco:CharacterString>
</gmd:keyword>
<gmd:keyword>
<gco:CharacterString>Traffic Count</gco:CharacterString>
</gmd:keyword>
<gmd:keyword>
<gco:CharacterString>Annual Average Daily Traffic</gco:CharacterString>
</gmd:keyword>
<gmd:keyword>
<gco:CharacterString>AADT</gco:CharacterString>
</gmd:keyword>
<gmd:keyword>
<gco:CharacterString>TxDOT</gco:CharacterString>
</gmd:keyword>
<gmd:keyword>
<gco:CharacterString>Traffic</gco:CharacterString>
</gmd:keyword>
</gmd:MD_Keywords>
</gmd:descriptiveKeywords>
<gmd:descriptiveKeywords>
<gmd:MD_Keywords>
<gmd:keyword>
<gco:CharacterString>Traffic Stations</gco:CharacterString>
</gmd:keyword>
<gmd:keyword>
<gco:CharacterString>Traffic Count</gco:CharacterString>
</gmd:keyword>
<gmd:keyword>
<gco:CharacterString>Annual Average Daily Traffic</gco:CharacterString>
</gmd:keyword>
<gmd:keyword>
<gco:CharacterString>AADT</gco:CharacterString>
</gmd:keyword>
<gmd:keyword>
<gco:CharacterString>TxDOT</gco:CharacterString>
</gmd:keyword>
<gmd:keyword>
<gco:CharacterString>Traffic</gco:CharacterString>
</gmd:keyword>
</gmd:MD_Keywords>
</gmd:descriptiveKeywords>
<gmd:descriptiveKeywords>
<gmd:MD_Keywords>
<gmd:keyword>
<gco:CharacterString>Traffic Stations</gco:CharacterString>
</gmd:keyword>
<gmd:keyword>
<gco:CharacterString>Traffic Count</gco:CharacterString>
</gmd:keyword>
<gmd:keyword>
<gco:CharacterString>Annual Average Daily Traffic</gco:CharacterString>
</gmd:keyword>
<gmd:keyword>
<gco:CharacterString>AADT</gco:CharacterString>
</gmd:keyword>
<gmd:keyword>
<gco:CharacterString>TxDOT</gco:CharacterString>
</gmd:keyword>
<gmd:keyword>
<gco:CharacterString>Traffic</gco:CharacterString>
</gmd:keyword>
</gmd:MD_Keywords>
</gmd:descriptiveKeywords>
<gmd:resourceConstraints>
<gmd:MD_Constraints>
<gmd:useLimitation>
<gco:CharacterString>Copyright 2016. Texas Department of Transportation. This data was produced for internal use within the Texas Department of Transportation and is made available to the public for informational purposes only. Accuracy is limited to the validity of available data as of August 31, 2015.</gco:CharacterString>
</gmd:useLimitation>
</gmd:MD_Constraints>
</gmd:resourceConstraints>
<gmd:language gco:nilReason="missing"/>
<gmd:characterSet>
<gmd:MD_CharacterSetCode codeList="http://www.isotc211.org/2005/resources/Codelist/gmxCodelists.xml#MD_CharacterSetCode" codeListValue="utf8" codeSpace="ISOTC211/19115">utf8</gmd:MD_CharacterSetCode>
</gmd:characterSet>
</gmd:MD_DataIdentification>
</gmd:identificationInfo>
</gmd:MD_Metadata>
