<?xml version="1.0" encoding="UTF-8"?><gmd:MD_Metadata xmlns:xlink="http://www.w3.org/1999/xlink" xmlns:srv="http://www.isotc211.org/2005/srv" xmlns:gts="http://www.isotc211.org/2005/gts" xmlns:gmd="http://www.isotc211.org/2005/gmd" xmlns:gco="http://www.isotc211.org/2005/gco" xmlns:gml="http://www.opengis.net/gml" xmlns:xsi="http://www.w3.org/2001/XMLSchema-instance">
<gmd:characterSet>
<gmd:MD_CharacterSetCode codeList="http://www.isotc211.org/2005/resources/Codelist/gmxCodelists.xml#MD_CharacterSetCode" codeListValue="utf8" codeSpace="ISOTC211/19115">utf8</gmd:MD_CharacterSetCode>
</gmd:characterSet>
<gmd:hierarchyLevel>
<gmd:MD_ScopeCode codeList="http://www.isotc211.org/2005/resources/Codelist/gmxCodelists.xml#MD_ScopeCode" codeListValue="dataset" codeSpace="ISOTC211/19115">dataset</gmd:MD_ScopeCode>
</gmd:hierarchyLevel>
<gmd:hierarchyLevelName>
<gco:CharacterString>dataset</gco:CharacterString>
</gmd:hierarchyLevelName>
<gmd:contact gco:nilReason="missing"/>
<gmd:dateStamp gco:nilReason="missing"/>
<gmd:metadataStandardName>
<gco:CharacterString>ISO 19139 Geographic Information - Metadata - Implementation Specification</gco:CharacterString>
</gmd:metadataStandardName>
<gmd:metadataStandardVersion>
<gco:CharacterString>2007</gco:CharacterString>
</gmd:metadataStandardVersion>
<gmd:identificationInfo>
<gmd:MD_DataIdentification>
<gmd:citation gco:nilReason="missing"/>
<gmd:abstract>
<gco:CharacterString>Stations setup permanently on Texas highways to count AADT.</gco:CharacterString>
</gmd:abstract>
<gmd:purpose>
<gco:CharacterString>Stations setup permanently on Texas highways to count AADT.</gco:CharacterString>
</gmd:purpose>
<gmd:credit>
<gco:CharacterString>TxDOT – TPP – Data Management</gco:CharacterString>
</gmd:credit>
<gmd:descriptiveKeywords>
<gmd:MD_Keywords>
<gmd:keyword>
<gco:CharacterString>TxDOT</gco:CharacterString>
</gmd:keyword>
<gmd:keyword>
<gco:CharacterString>TPP</gco:CharacterString>
</gmd:keyword>
<gmd:keyword>
<gco:CharacterString>Texas</gco:CharacterString>
</gmd:keyword>
<gmd:keyword>
<gco:CharacterString>Highway Performance</gco:CharacterString>
</gmd:keyword>
<gmd:keyword>
<gco:CharacterString>Highway Referencing Systems</gco:CharacterString>
</gmd:keyword>
<gmd:keyword>
<gco:CharacterString>Locations</gco:CharacterString>
</gmd:keyword>
<gmd:keyword>
<gco:CharacterString>Projects</gco:CharacterString>
</gmd:keyword>
<gmd:keyword>
<gco:CharacterString>Structures</gco:CharacterString>
</gmd:keyword>
<gmd:keyword>
<gco:CharacterString>Traffic</gco:CharacterString>
</gmd:keyword>
<gmd:keyword>
<gco:CharacterString>Transportation</gco:CharacterString>
</gmd:keyword>
<gmd:keyword>
<gco:CharacterString>Infrastructure</gco:CharacterString>
</gmd:keyword>
</gmd:MD_Keywords>
</gmd:descriptiveKeywords>
<gmd:descriptiveKeywords>
<gmd:MD_Keywords>
<gmd:keyword>
<gco:CharacterString>TxDOT</gco:CharacterString>
</gmd:keyword>
<gmd:keyword>
<gco:CharacterString>TPP</gco:CharacterString>
</gmd:keyword>
<gmd:keyword>
<gco:CharacterString>Texas</gco:CharacterString>
</gmd:keyword>
<gmd:keyword>
<gco:CharacterString>Highway Performance</gco:CharacterString>
</gmd:keyword>
<gmd:keyword>
<gco:CharacterString>Highway Referencing Systems</gco:CharacterString>
</gmd:keyword>
<gmd:keyword>
<gco:CharacterString>Locations</gco:CharacterString>
</gmd:keyword>
<gmd:keyword>
<gco:CharacterString>Projects</gco:CharacterString>
</gmd:keyword>
<gmd:keyword>
<gco:CharacterString>Structures</gco:CharacterString>
</gmd:keyword>
<gmd:keyword>
<gco:CharacterString>Traffic</gco:CharacterString>
</gmd:keyword>
<gmd:keyword>
<gco:CharacterString>Transportation</gco:CharacterString>
</gmd:keyword>
<gmd:keyword>
<gco:CharacterString>Infrastructure</gco:CharacterString>
</gmd:keyword>
</gmd:MD_Keywords>
</gmd:descriptiveKeywords>
<gmd:descriptiveKeywords>
<gmd:MD_Keywords>
<gmd:keyword>
<gco:CharacterString>TxDOT</gco:CharacterString>
</gmd:keyword>
<gmd:keyword>
<gco:CharacterString>TPP</gco:CharacterString>
</gmd:keyword>
<gmd:keyword>
<gco:CharacterString>Texas</gco:CharacterString>
</gmd:keyword>
<gmd:keyword>
<gco:CharacterString>Highway Performance</gco:CharacterString>
</gmd:keyword>
<gmd:keyword>
<gco:CharacterString>Highway Referencing Systems</gco:CharacterString>
</gmd:keyword>
<gmd:keyword>
<gco:CharacterString>Locations</gco:CharacterString>
</gmd:keyword>
<gmd:keyword>
<gco:CharacterString>Projects</gco:CharacterString>
</gmd:keyword>
<gmd:keyword>
<gco:CharacterString>Structures</gco:CharacterString>
</gmd:keyword>
<gmd:keyword>
<gco:CharacterString>Traffic</gco:CharacterString>
</gmd:keyword>
<gmd:keyword>
<gco:CharacterString>Transportation</gco:CharacterString>
</gmd:keyword>
<gmd:keyword>
<gco:CharacterString>Infrastructure</gco:CharacterString>
</gmd:keyword>
</gmd:MD_Keywords>
</gmd:descriptiveKeywords>
<gmd:descriptiveKeywords>
<gmd:MD_Keywords>
<gmd:keyword>
<gco:CharacterString>TxDOT</gco:CharacterString>
</gmd:keyword>
<gmd:keyword>
<gco:CharacterString>TPP</gco:CharacterString>
</gmd:keyword>
<gmd:keyword>
<gco:CharacterString>Texas</gco:CharacterString>
</gmd:keyword>
<gmd:keyword>
<gco:CharacterString>Highway Performance</gco:CharacterString>
</gmd:keyword>
<gmd:keyword>
<gco:CharacterString>Highway Referencing Systems</gco:CharacterString>
</gmd:keyword>
<gmd:keyword>
<gco:CharacterString>Locations</gco:CharacterString>
</gmd:keyword>
<gmd:keyword>
<gco:CharacterString>Projects</gco:CharacterString>
</gmd:keyword>
<gmd:keyword>
<gco:CharacterString>Structures</gco:CharacterString>
</gmd:keyword>
<gmd:keyword>
<gco:CharacterString>Traffic</gco:CharacterString>
</gmd:keyword>
<gmd:keyword>
<gco:CharacterString>Transportation</gco:CharacterString>
</gmd:keyword>
<gmd:keyword>
<gco:CharacterString>Infrastructure</gco:CharacterString>
</gmd:keyword>
</gmd:MD_Keywords>
</gmd:descriptiveKeywords>
<gmd:descriptiveKeywords>
<gmd:MD_Keywords>
<gmd:keyword>
<gco:CharacterString>TxDOT</gco:CharacterString>
</gmd:keyword>
<gmd:keyword>
<gco:CharacterString>TPP</gco:CharacterString>
</gmd:keyword>
<gmd:keyword>
<gco:CharacterString>Texas</gco:CharacterString>
</gmd:keyword>
<gmd:keyword>
<gco:CharacterString>Highway Performance</gco:CharacterString>
</gmd:keyword>
<gmd:keyword>
<gco:CharacterString>Highway Referencing Systems</gco:CharacterString>
</gmd:keyword>
<gmd:keyword>
<gco:CharacterString>Locations</gco:CharacterString>
</gmd:keyword>
<gmd:keyword>
<gco:CharacterString>Projects</gco:CharacterString>
</gmd:keyword>
<gmd:keyword>
<gco:CharacterString>Structures</gco:CharacterString>
</gmd:keyword>
<gmd:keyword>
<gco:CharacterString>Traffic</gco:CharacterString>
</gmd:keyword>
<gmd:keyword>
<gco:CharacterString>Transportation</gco:CharacterString>
</gmd:keyword>
<gmd:keyword>
<gco:CharacterString>Infrastructure</gco:CharacterString>
</gmd:keyword>
</gmd:MD_Keywords>
</gmd:descriptiveKeywords>
<gmd:descriptiveKeywords>
<gmd:MD_Keywords>
<gmd:keyword>
<gco:CharacterString>TxDOT</gco:CharacterString>
</gmd:keyword>
<gmd:keyword>
<gco:CharacterString>TPP</gco:CharacterString>
</gmd:keyword>
<gmd:keyword>
<gco:CharacterString>Texas</gco:CharacterString>
</gmd:keyword>
<gmd:keyword>
<gco:CharacterString>Highway Performance</gco:CharacterString>
</gmd:keyword>
<gmd:keyword>
<gco:CharacterString>Highway Referencing Systems</gco:CharacterString>
</gmd:keyword>
<gmd:keyword>
<gco:CharacterString>Locations</gco:CharacterString>
</gmd:keyword>
<gmd:keyword>
<gco:CharacterString>Projects</gco:CharacterString>
</gmd:keyword>
<gmd:keyword>
<gco:CharacterString>Structures</gco:CharacterString>
</gmd:keyword>
<gmd:keyword>
<gco:CharacterString>Traffic</gco:CharacterString>
</gmd:keyword>
<gmd:keyword>
<gco:CharacterString>Transportation</gco:CharacterString>
</gmd:keyword>
<gmd:keyword>
<gco:CharacterString>Infrastructure</gco:CharacterString>
</gmd:keyword>
</gmd:MD_Keywords>
</gmd:descriptiveKeywords>
<gmd:descriptiveKeywords>
<gmd:MD_Keywords>
<gmd:keyword>
<gco:CharacterString>TxDOT</gco:CharacterString>
</gmd:keyword>
<gmd:keyword>
<gco:CharacterString>TPP</gco:CharacterString>
</gmd:keyword>
<gmd:keyword>
<gco:CharacterString>Texas</gco:CharacterString>
</gmd:keyword>
<gmd:keyword>
<gco:CharacterString>Highway Performance</gco:CharacterString>
</gmd:keyword>
<gmd:keyword>
<gco:CharacterString>Highway Referencing Systems</gco:CharacterString>
</gmd:keyword>
<gmd:keyword>
<gco:CharacterString>Locations</gco:CharacterString>
</gmd:keyword>
<gmd:keyword>
<gco:CharacterString>Projects</gco:CharacterString>
</gmd:keyword>
<gmd:keyword>
<gco:CharacterString>Structures</gco:CharacterString>
</gmd:keyword>
<gmd:keyword>
<gco:CharacterString>Traffic</gco:CharacterString>
</gmd:keyword>
<gmd:keyword>
<gco:CharacterString>Transportation</gco:CharacterString>
</gmd:keyword>
<gmd:keyword>
<gco:CharacterString>Infrastructure</gco:CharacterString>
</gmd:keyword>
</gmd:MD_Keywords>
</gmd:descriptiveKeywords>
<gmd:descriptiveKeywords>
<gmd:MD_Keywords>
<gmd:keyword>
<gco:CharacterString>TxDOT</gco:CharacterString>
</gmd:keyword>
<gmd:keyword>
<gco:CharacterString>TPP</gco:CharacterString>
</gmd:keyword>
<gmd:keyword>
<gco:CharacterString>Texas</gco:CharacterString>
</gmd:keyword>
<gmd:keyword>
<gco:CharacterString>Highway Performance</gco:CharacterString>
</gmd:keyword>
<gmd:keyword>
<gco:CharacterString>Highway Referencing Systems</gco:CharacterString>
</gmd:keyword>
<gmd:keyword>
<gco:CharacterString>Locations</gco:CharacterString>
</gmd:keyword>
<gmd:keyword>
<gco:CharacterString>Projects</gco:CharacterString>
</gmd:keyword>
<gmd:keyword>
<gco:CharacterString>Structures</gco:CharacterString>
</gmd:keyword>
<gmd:keyword>
<gco:CharacterString>Traffic</gco:CharacterString>
</gmd:keyword>
<gmd:keyword>
<gco:CharacterString>Transportation</gco:CharacterString>
</gmd:keyword>
<gmd:keyword>
<gco:CharacterString>Infrastructure</gco:CharacterString>
</gmd:keyword>
</gmd:MD_Keywords>
</gmd:descriptiveKeywords>
<gmd:descriptiveKeywords>
<gmd:MD_Keywords>
<gmd:keyword>
<gco:CharacterString>TxDOT</gco:CharacterString>
</gmd:keyword>
<gmd:keyword>
<gco:CharacterString>TPP</gco:CharacterString>
</gmd:keyword>
<gmd:keyword>
<gco:CharacterString>Texas</gco:CharacterString>
</gmd:keyword>
<gmd:keyword>
<gco:CharacterString>Highway Performance</gco:CharacterString>
</gmd:keyword>
<gmd:keyword>
<gco:CharacterString>Highway Referencing Systems</gco:CharacterString>
</gmd:keyword>
<gmd:keyword>
<gco:CharacterString>Locations</gco:CharacterString>
</gmd:keyword>
<gmd:keyword>
<gco:CharacterString>Projects</gco:CharacterString>
</gmd:keyword>
<gmd:keyword>
<gco:CharacterString>Structures</gco:CharacterString>
</gmd:keyword>
<gmd:keyword>
<gco:CharacterString>Traffic</gco:CharacterString>
</gmd:keyword>
<gmd:keyword>
<gco:CharacterString>Transportation</gco:CharacterString>
</gmd:keyword>
<gmd:keyword>
<gco:CharacterString>Infrastructure</gco:CharacterString>
</gmd:keyword>
</gmd:MD_Keywords>
</gmd:descriptiveKeywords>
<gmd:descriptiveKeywords>
<gmd:MD_Keywords>
<gmd:keyword>
<gco:CharacterString>TxDOT</gco:CharacterString>
</gmd:keyword>
<gmd:keyword>
<gco:CharacterString>TPP</gco:CharacterString>
</gmd:keyword>
<gmd:keyword>
<gco:CharacterString>Texas</gco:CharacterString>
</gmd:keyword>
<gmd:keyword>
<gco:CharacterString>Highway Performance</gco:CharacterString>
</gmd:keyword>
<gmd:keyword>
<gco:CharacterString>Highway Referencing Systems</gco:CharacterString>
</gmd:keyword>
<gmd:keyword>
<gco:CharacterString>Locations</gco:CharacterString>
</gmd:keyword>
<gmd:keyword>
<gco:CharacterString>Projects</gco:CharacterString>
</gmd:keyword>
<gmd:keyword>
<gco:CharacterString>Structures</gco:CharacterString>
</gmd:keyword>
<gmd:keyword>
<gco:CharacterString>Traffic</gco:CharacterString>
</gmd:keyword>
<gmd:keyword>
<gco:CharacterString>Transportation</gco:CharacterString>
</gmd:keyword>
<gmd:keyword>
<gco:CharacterString>Infrastructure</gco:CharacterString>
</gmd:keyword>
</gmd:MD_Keywords>
</gmd:descriptiveKeywords>
<gmd:descriptiveKeywords>
<gmd:MD_Keywords>
<gmd:keyword>
<gco:CharacterString>TxDOT</gco:CharacterString>
</gmd:keyword>
<gmd:keyword>
<gco:CharacterString>TPP</gco:CharacterString>
</gmd:keyword>
<gmd:keyword>
<gco:CharacterString>Texas</gco:CharacterString>
</gmd:keyword>
<gmd:keyword>
<gco:CharacterString>Highway Performance</gco:CharacterString>
</gmd:keyword>
<gmd:keyword>
<gco:CharacterString>Highway Referencing Systems</gco:CharacterString>
</gmd:keyword>
<gmd:keyword>
<gco:CharacterString>Locations</gco:CharacterString>
</gmd:keyword>
<gmd:keyword>
<gco:CharacterString>Projects</gco:CharacterString>
</gmd:keyword>
<gmd:keyword>
<gco:CharacterString>Structures</gco:CharacterString>
</gmd:keyword>
<gmd:keyword>
<gco:CharacterString>Traffic</gco:CharacterString>
</gmd:keyword>
<gmd:keyword>
<gco:CharacterString>Transportation</gco:CharacterString>
</gmd:keyword>
<gmd:keyword>
<gco:CharacterString>Infrastructure</gco:CharacterString>
</gmd:keyword>
</gmd:MD_Keywords>
</gmd:descriptiveKeywords>
<gmd:resourceConstraints>
<gmd:MD_Constraints>
<gmd:useLimitation>
<gco:CharacterString>Copyright 2017. Texas Department of Transportation. This data was produced for internal use within the Texas Department of Transportation and is made available to the public for informational purposes only. Accuracy is limited to the validity of available data as of date published.</gco:CharacterString>
</gmd:useLimitation>
</gmd:MD_Constraints>
</gmd:resourceConstraints>
<gmd:language gco:nilReason="missing"/>
<gmd:characterSet>
<gmd:MD_CharacterSetCode codeList="http://www.isotc211.org/2005/resources/Codelist/gmxCodelists.xml#MD_CharacterSetCode" codeListValue="utf8" codeSpace="ISOTC211/19115">utf8</gmd:MD_CharacterSetCode>
</gmd:characterSet>
</gmd:MD_DataIdentification>
</gmd:identificationInfo>
</gmd:MD_Metadata>
